{
  "rmse": 769813.5550330902,
  "mae": 665133.5128986975,
  "r2": -0.012467865491601726
}