{
  "accuracy": 0.8390691798359897,
  "precision": 0.8386183738467777,
  "recall": 0.9994423056773282,
  "f1": 0.9119945717546186
}